"species","decimalLongitude","decimalLatitude"
"Didelphis virginiana",-87.817182,41.977392
"Didelphis virginiana",-119.723053,34.406666
"Didelphis virginiana",-98.050007,18.208614
"Didelphis virginiana",-104.185833,23.844333
"Didelphis virginiana",-101.927672,34.991753
"Didelphis virginiana",-98.905787,31.624487
"Didelphis virginiana",-99.844167,16.815
"Didelphis virginiana",-106.373523,35.107834
"Didelphis virginiana",-99.6856663,17.5573724
"Didelphis virginiana",-105.1665,21.4126
"Didelphis virginiana",-90.982894,16.88178
"Didelphis virginiana",-91.134945,30.4462009
"Didelphis virginiana",-105.1966438,21.4905584
"Didelphis virginiana",-99.18806,19.3125
"Didelphis virginiana",-82.75972,28.99139
"Didelphis virginiana",-105.733333,22.5477
"Didelphis virginiana",-102.732778,23.604722
"Didelphis virginiana",-93.157683,16.417594
"Didelphis virginiana",-84.166667,14.533333
"Didelphis virginiana",-97.4859377,35.1803947
"Didelphis virginiana",-83.8369744,42.2534553
"Didelphis virginiana",-81.95,39.95
"Didelphis virginiana",-84.876829,43.392972
"Didelphis virginiana",-97.878391,36.613132
"Didelphis virginiana",-91.7899613,30.299204
"Didelphis virginiana",-111.815929,40.74976
"Didelphis virginiana",-117.93773,33.766352
"Didelphis virginiana",-89.016667,43
"Didelphis virginiana",-94.872347,40.360769
"Didelphis virginiana",-122.3328,48.4214
"Didelphis virginiana",-91.1569454,30.409202
"Didelphis virginiana",-90.919939,30.3122057
"Didelphis virginiana",-98.0561,20.309288
"Didelphis virginiana",-99.93,18.315278
"Didelphis virginiana",-91.1869463,30.4452008
"Didelphis virginiana",-91.1069441,30.3912027
"Didelphis virginiana",-105.1914303,20.7030383
"Didelphis virginiana",-82.37243,29.635768
"Didelphis virginiana",-98.537507,18.535558
"Didelphis virginiana",-80.433333,43.593384
"Didelphis virginiana",-87.334887,20.372125
"Didelphis virginiana",-123.3225049,44.5644277
"Didelphis virginiana",-96.9844581,37.1527964
"Didelphis virginiana",-97.722538,32.613056
"Didelphis virginiana",-73.321751,41.161985
"Didelphis virginiana",-122.240444,40.177832
"Didelphis virginiana",-97.405997,35.211035
"Didelphis virginiana",-80.7964,40.4621
"Didelphis virginiana",-96.883263,33.984116
"Didelphis virginiana",-89.88379,34.997537
"Didelphis virginiana",-97.544365,38.57354
"Didelphis virginiana",-99.658889,18.35
"Didelphis virginiana",-92.077971,30.9841815
"Didelphis virginiana",-90.752332,35.564165
"Didelphis virginiana",-96.5665333,40.0194566
"Didelphis virginiana",-90.809903,18.6073463
"Didelphis virginiana",-97.573643,34.998992
"Didelphis virginiana",-104.9234688,21.345476
"Didelphis virginiana",-87.660278,41.965065
"Didelphis virginiana",-89.825868,34.841338
"Didelphis virginiana",-102.7174099,19.9941899
"Didelphis virginiana",-99.253256,31.219953
"Didelphis virginiana",-87.747158,42.033395
"Didelphis virginiana",-107.135167,27.2695
"Didelphis virginiana",-96.805007,33.882163
"Didelphis virginiana",-71.16613,42.34065
"Didelphis virginiana",-98.978645,38.534699
"Didelphis virginiana",-122.338619,38.316556
"Didelphis virginiana",-122.7153,45.4047
"Didelphis virginiana",-99.433889,18.743611
"Didelphis virginiana",-97.82528,18.13361
"Didelphis virginiana",-80.53,42.68
"Didelphis virginiana",-99.694641,38.991383
"Didelphis virginiana",-100.448687,31.276819
"Didelphis virginiana",-96.418172,30.62778
"Didelphis virginiana",-73.1311,41.2528
"Didelphis virginiana",-122.2706329,37.8760992
"Didelphis virginiana",-87.808292,42.001447
"Didelphis virginiana",-105.2273287,21.5399401
"Didelphis virginiana",-121.93472,37.94111
"Didelphis virginiana",-91.5743,41.65924
"Didelphis virginiana",-99.245834,38.811108
"Didelphis virginiana",-89.550003,14.8
"Didelphis virginiana",-99.04289,31.85575
"Didelphis virginiana",-100.51211,31.448768
"Didelphis virginiana",-93.100833,16.885
"Didelphis virginiana",-91.1279447,30.4052022
"Didelphis virginiana",-95.113611,18.410278
"Didelphis virginiana",-87.980683,15.271586
"Didelphis virginiana",-91.0769433,30.385203
"Didelphis virginiana",-97.2809566,42.0326472
"Didelphis virginiana",-98.578331,18.518055
"Didelphis virginiana",-83.976389,42.732778
"Didelphis virginiana",-100.457156,31.442933
"Didelphis virginiana",-122.733033,48.985483
"Didelphis virginiana",-85.31667,10.53333
"Didelphis virginiana",-88.92638,35.38193
"Didelphis virginiana",-104.82185,22.037633
"Didelphis virginiana",-90.98,18.8
"Didelphis virginiana",-97.1684,15.989
"Didelphis virginiana",-117.004696,32.760932
"Didelphis virginiana",-123.250567,49.263456
"Didelphis virginiana",-117.523336,33.355347
"Didelphis virginiana",-103.166035,21.1480034
"Didelphis virginiana",-99.427778,22.125833
"Didelphis virginiana",-104.278692,42.064959
"Didelphis virginiana",-104.933619,21.967458
"Didelphis virginiana",-96.6994,16.692
"Didelphis virginiana",-84.39,43.64
"Didelphis virginiana",-95.046667,18.5775
"Didelphis virginiana",-92.630833,16.589167
"Didelphis virginiana",-78.8798309,39.696491
"Didelphis virginiana",-88.103611,19.389722
"Didelphis virginiana",-95.103333,18.419444
"Didelphis virginiana",-99.4205,18.36441
"Didelphis virginiana",-72.61806,40.90333
"Didelphis virginiana",-99.1815,19.3207
"Didelphis virginiana",-85.43333,11.98333
"Didelphis virginiana",-121.93633,38.024298
"Didelphis virginiana",-97.3972,32.20075
"Didelphis virginiana",-99.634827,38.938038
"Didelphis virginiana",-89.497242,35.228889
"Didelphis virginiana",-95.7289042,39.054975
"Didelphis virginiana",-85.2863,35.0454
"Didelphis virginiana",-122.36921,47.7634
"Didelphis virginiana",-91.0199404,29.9362177
"Didelphis virginiana",-98.086573,29.174006
"Didelphis virginiana",-86.856848,36.0960551
"Didelphis virginiana",-76.359185,42.440546
"Didelphis virginiana",-91.9649654,30.1752075
"Didelphis virginiana",-86.1160805,13.93337
"Didelphis virginiana",-99.189167,19.338056
"Didelphis virginiana",-92.0449703,31.0291802
"Didelphis virginiana",-122.067481,47.906219
"Didelphis virginiana",-104.027167,24.005
"Didelphis virginiana",-82.46167,28.15083
"Didelphis virginiana",-80.2506,36.0816
"Didelphis virginiana",-94.98,29.77
"Didelphis virginiana",-92.2849352,17.5098952
"Didelphis virginiana",-92.26321,35.958098
"Didelphis virginiana",-106.895844,34.101387
"Didelphis virginiana",-91.068511,42.190828
"Didelphis virginiana",-71.17434,42.65276
"Didelphis virginiana",-83.06,41.59
"Didelphis virginiana",-93.101944,16.899444
"Didelphis virginiana",-93.985957,35.525361
"Didelphis virginiana",-88.0197106,44.5191226
"Didelphis virginiana",-96.709,16.6838
"Didelphis virginiana",-96.8817094,16.913245
"Didelphis virginiana",-122.3101,47.6611
"Didelphis virginiana",-89.767493,20.863245
"Didelphis virginiana",-72.8974,41.4246
"Didelphis virginiana",-91.2839568,32.8611279
"Didelphis virginiana",-97.446866,35.20944
"Didelphis virginiana",-99.236119,19.230558
"Didelphis virginiana",-89.217421,19.875555
"Didelphis virginiana",-81.8833,29.5667
"Didelphis virginiana",-94.435306,18.137803
"Didelphis virginiana",-92.9199986,32.5561323
"Didelphis virginiana",-84.3922916,42.8052491
"Didelphis virginiana",-92.0489705,31.0571793
"Didelphis virginiana",-91.4339524,30.3822022
"Didelphis virginiana",-89.636335,35.275681
"Didelphis virginiana",-90.7022,14.7547
"Didelphis virginiana",-72.6097,40.8229
"Didelphis virginiana",-97.449362,35.167535
"Didelphis virginiana",-122.5295,38.054313
"Didelphis virginiana",-92.118889,17.260556
"Didelphis virginiana",-100.091667,25.645556
"Didelphis virginiana",-83.213333,42.314444
"Didelphis virginiana",-85.151389,43.944167
"Didelphis virginiana",-119.713889,34.44
"Didelphis virginiana",-117.2516,34.05583
"Didelphis virginiana",-122.360229,37.479762
"Didelphis virginiana",-71.36028,42.46037
"Didelphis virginiana",-82.80722,29.16778
"Didelphis virginiana",-87.734587,41.971429
"Didelphis virginiana",-82.916667,42.35
"Didelphis virginiana",-95.620877,29.662087
"Didelphis virginiana",-99.1865102,23.8456998
"Didelphis virginiana",-79.416667,43.7
"Didelphis virginiana",-122.4493493,37.7523705
"Didelphis virginiana",-92.4139789,30.7551878
"Didelphis virginiana",-99.30582,22.4366
"Didelphis virginiana",-92.0199668,30.1832071
"Didelphis virginiana",-71.55,41.4667
"Didelphis virginiana",-99.866667,20.068333
"Didelphis virginiana",-99.178721,19.324942
"Didelphis virginiana",-99.702778,19.398611
"Didelphis virginiana",-92.0199669,30.1952068
"Didelphis virginiana",-122.846783,46.43983
"Didelphis virginiana",-96.18654,38.41404
"Didelphis virginiana",-122.009418,39.214334
"Didelphis virginiana",-91.1649434,29.6982252
"Didelphis virginiana",-89.971823,35.021085
"Didelphis virginiana",-97.610552,34.492432
"Didelphis virginiana",-98.730366,18.894206
"Didelphis virginiana",-95.162778,17.865
"Didelphis virginiana",-95.53515,33.811983
"Didelphis virginiana",-96.766667,17.033056
"Didelphis virginiana",-99.151604,39.455265
"Didelphis virginiana",-97.446859,35.204303
"Didelphis virginiana",-83.6128678,42.2410556
"Didelphis virginiana",-98.716667,20.123056
"Didelphis virginiana",-99.089844,38.534714
"Didelphis virginiana",-88.0682941,41.6985995
"Didelphis virginiana",-98.105827,39.456108
"Didelphis virginiana",-105.124802,21.6567
"Didelphis virginiana",-87.5691,33.2106
"Didelphis virginiana",-100.43667,31.245481
"Didelphis virginiana",-104.251111,24.028611
"Didelphis virginiana",-100.083054,19.400833
"Didelphis virginiana",-104.248056,23.3875
"Didelphis virginiana",-87.752098,41.945854
"Didelphis virginiana",-99.804722,16.827222
"Didelphis virginiana",-80.09444,26.93389
"Didelphis virginiana",-96.592078,30.53111
"Didelphis virginiana",-98.580327,34.804822
"Didelphis virginiana",-102.816258,23.1245525
"Didelphis virginiana",-87.708404,42.009227
"Didelphis virginiana",-121.2658396,39.2882577
"Didelphis virginiana",-119.869722,34.424444
"Didelphis virginiana",-103.98345,23.734617
"Didelphis virginiana",-99.7103987,25.2658209
"Didelphis virginiana",-86.78444,36.16589
"Didelphis virginiana",-119.683334,34.416668
"Didelphis virginiana",-97.467918,35.240031
"Didelphis virginiana",-100.651088,31.406795
"Didelphis virginiana",-122.644447,37.9025
"Didelphis virginiana",-96.334236,30.628199
"Didelphis virginiana",-92.3999768,30.2662035
"Didelphis virginiana",-93.655,16.176389
"Didelphis virginiana",-91.4109511,30.14221
"Didelphis virginiana",-97.335584,35.058313
"Didelphis virginiana",-95.99691,42.61003
"Didelphis virginiana",-97.293398,32.7789
"Didelphis virginiana",-119.826667,34.435833
"Didelphis virginiana",-97.556579,35.570944
"Didelphis virginiana",-88.0418751,42.2571452
"Didelphis virginiana",-99.036512,18.979722
"Didelphis virginiana",-99.711674,18.768892
"Didelphis virginiana",-73.785172,40.994376
"Didelphis virginiana",-98.595841,19.091392
"Didelphis virginiana",-120.288611,34.633056
"Didelphis virginiana",-91.1759459,30.4142018
"Didelphis virginiana",-103.708387,19.457298
"Didelphis virginiana",-122.151693,37.737401
"Didelphis virginiana",-92.2319725,30.2482045
"Didelphis virginiana",-86.37,12.22
"Didelphis virginiana",-80.3975,27.551193
"Didelphis virginiana",-91.73111,16.90889
"Didelphis virginiana",-103.730609,19.243103
"Didelphis virginiana",-98.43,19.2
"Didelphis virginiana",-122.7198287,38.4472223
"Didelphis virginiana",-93.9333789,43.6666227
"Didelphis virginiana",-91.1759458,30.3712032
"Didelphis virginiana",-105.079,19.54239
"Didelphis virginiana",-122.663887,37.915001
"Didelphis virginiana",-122.271,37.8571
"Didelphis virginiana",-99.288133,21.845589
"Didelphis virginiana",-90.7204588,19.3553664
"Didelphis virginiana",-85.8522326,13.1395812
"Didelphis virginiana",-76.15,44.85
"Didelphis virginiana",-96.57861,39.07309
"Didelphis virginiana",-105.1966438,21.4832828
"Didelphis virginiana",-106.411333,24.927167
"Didelphis virginiana",-96.4998142,37.0172009
"Didelphis virginiana",-122.16287,39.418406
"Didelphis virginiana",-98.38385,37.248604
"Didelphis virginiana",-94.4573283,38.9734305
"Didelphis virginiana",-91.6669566,29.8152201
"Didelphis virginiana",-104.6699729,24.0240042
"Didelphis virginiana",-122.217066,47.482878
"Didelphis virginiana",-90.9559407,30.5441982
"Didelphis virginiana",-99.455912,37.835625
"Didelphis virginiana",-103.49,18.96
"Didelphis virginiana",-122.485947,37.70865
"Didelphis virginiana",-104.051389,24.028611
"Didelphis virginiana",-103.672855,19.487819
"Didelphis virginiana",-99.731941,38.99139
"Didelphis virginiana",-99.021599,22.6532
"Didelphis virginiana",-92.0789273,44.4021226
"Didelphis virginiana",-101.106485,30.859011
"Didelphis virginiana",-79.64524,43.6843
"Didelphis virginiana",-91.9719657,30.2052066
"Didelphis virginiana",-106.909655,34.250289
"Didelphis virginiana",-91.663959,30.5801953
"Didelphis virginiana",-102.284164,21.786388
"Didelphis virginiana",-111.064536,31.707866
"Didelphis virginiana",-106.890831,34.058334
"Didelphis virginiana",-82.5615304,35.3037784
"Didelphis virginiana",-87.5583624,13.0417225
"Didelphis virginiana",-99.632167,21.417667
"Didelphis virginiana",-122.237843,37.883602
"Didelphis virginiana",-96.227787,38.94694
"Didelphis virginiana",-79.97854,43.04407
"Didelphis virginiana",-89.636404,20.174436
"Didelphis virginiana",-99.0775,16.885278
"Didelphis virginiana",-90.028897,35.33686
"Didelphis virginiana",-97.99818,23.826378
"Didelphis virginiana",-99.929571,41.599197
"Didelphis virginiana",-96.6991,16.69322
"Didelphis virginiana",-95.627609,29.369565
"Didelphis virginiana",-99.733333,21.1
"Didelphis virginiana",-121.89335,39.318141
"Didelphis virginiana",-89.336797,18.611011
"Didelphis virginiana",-102.097694,19.426583
"Didelphis virginiana",-88.3199727,41.7605413
"Didelphis virginiana",-103.822933,22.545417
"Didelphis virginiana",-89.233333,20.433333
"Didelphis virginiana",-91.0559432,30.5301984
"Didelphis virginiana",-92.0969689,30.2232056
"Didelphis virginiana",-85.19206,34.95446
"Didelphis virginiana",-99.326393,38.951653
"Didelphis virginiana",-91.2749499,30.8481878
"Didelphis virginiana",-121.994188,37.970682
"Didelphis virginiana",-119.75,36.49
"Didelphis virginiana",-92.4319776,30.2652034
"Didelphis virginiana",-82.305645,29.673698
"Didelphis virginiana",-99.510597,39.401646
"Didelphis virginiana",-122.356007,47.313029
"Didelphis virginiana",-97.714722,32.688185
"Didelphis virginiana",-103.54182,20.4814455
"Didelphis virginiana",-99.554169,22.498056
"Didelphis virginiana",-100.330981,31.667677
"Didelphis virginiana",-96.657778,19.343889
"Didelphis virginiana",-89.116667,14.9
"Didelphis virginiana",-100.439226,31.484386
"Didelphis virginiana",-84.4764939,42.7287498
"Didelphis virginiana",-92.4449817,31.3111704
"Didelphis virginiana",-99.305833,19.034444
"Didelphis virginiana",-97.600112,35.251168
"Didelphis virginiana",-90.092167,18.7015
"Didelphis virginiana",-80.23744,42.85788
"Didelphis virginiana",-100.168333,25.690833
"Didelphis virginiana",-83.7261712,42.2707552
"Didelphis virginiana",-105.227898,21.166599
"Didelphis virginiana",-122.02074,48.46071
"Didelphis virginiana",-99.463333,19.723333
"Didelphis virginiana",-100.184444,17.484444
"Didelphis virginiana",-100.800335,31.790236
"Didelphis virginiana",-88.147222,41.785833
"Didelphis virginiana",-88.175061,42.020482
"Didelphis virginiana",-104.16333,41.64028
"Didelphis virginiana",-89.31556,36.46778
"Didelphis virginiana",-88.366667,17.766667
"Didelphis virginiana",-117.55481,33.788534
"Didelphis virginiana",-90.9559404,30.4432014
"Didelphis virginiana",-97.120878,15.9216262
"Didelphis virginiana",-81.349371,27.183483
"Didelphis virginiana",-70.86035,42.24331
"Didelphis virginiana",-97.401005,20.943399
"Didelphis virginiana",-92.056944,16.944444
"Didelphis virginiana",-94.2088673,16.59299
"Didelphis virginiana",-84.815308,43.590648
"Didelphis virginiana",-97.520554,20.016666
"Didelphis virginiana",-104.564333,24.0225
"Didelphis virginiana",-90.648936,31.5791667
"Didelphis virginiana",-104.5,19.24
"Didelphis virginiana",-100.04694,25.4975
"Didelphis virginiana",-91.7649622,30.7451898
"Didelphis virginiana",-72.8156,41.2667
"Didelphis virginiana",-100.598765,31.245861
"Didelphis virginiana",-97.068167,47.90585
"Didelphis virginiana",-95.3553592,40.0237207
"Didelphis virginiana",-100.74954,31.657368
"Didelphis virginiana",-96.5948342,40.0340562
"Didelphis virginiana",-92.0189669,30.2072064
"Didelphis virginiana",-122.327528,38.31774
"Didelphis virginiana",-94.9892,37.22762
"Didelphis virginiana",-82.39111,29.55639
"Didelphis virginiana",-100.571258,31.40586
"Didelphis virginiana",-92.638333,16.748611
"Didelphis virginiana",-80.5414,42.63616
"Didelphis virginiana",-105.062,19.50986
"Didelphis virginiana",-88.931792,36.343239
"Didelphis virginiana",-99.353332,19.291944
"Didelphis virginiana",-92.3759773,30.5881932
"Didelphis virginiana",-82.28,29.533478
"Didelphis virginiana",-81.35167,27.18294
"Didelphis virginiana",-106.41572,23.23655
"Didelphis virginiana",-88.705556,35.880833
"Didelphis virginiana",-89.284444,20.399722
"Didelphis virginiana",-100.629722,17.220833
"Didelphis virginiana",-82.137944,31.010468
"Didelphis virginiana",-91.5679609,31.8761556
"Didelphis virginiana",-81.885395,31.607436
"Didelphis virginiana",-82.63639,28.96944
"Didelphis virginiana",-98.2645414,23.4557192
"Didelphis virginiana",-86.177086,36.402437
"Didelphis virginiana",-99.368611,19.297778
"Didelphis virginiana",-92.1419722,30.8291862
"Didelphis virginiana",-122.283042,37.840929
"Didelphis virginiana",-97.587396,35.18593
"Didelphis virginiana",-99.196,19.293
"Didelphis virginiana",-85.30657,35.00302
"Didelphis virginiana",-82.325,29.65139
"Didelphis virginiana",-90.0669176,30.4752024
"Didelphis virginiana",-88.27,40.113
"Didelphis virginiana",-97.424963,20.172625
"Didelphis virginiana",-87.7767529,42.1267791
"Didelphis virginiana",-100.513901,20.59557
"Didelphis virginiana",-93.61994,42.034708
"Didelphis virginiana",-89.2348987,31.3671763
"Didelphis virginiana",-97.154314,29.345
"Didelphis virginiana",-122.25943,37.87221
"Didelphis virginiana",-99.239998,21.004999
"Didelphis virginiana",-93.671111,16.958889
"Didelphis virginiana",-86.011963,38.84568
"Didelphis virginiana",-75.183333,44.9
"Didelphis virginiana",-89.003501,35.955408
"Didelphis virginiana",-122.2026375,37.8871045
"Didelphis virginiana",-92.271699,14.903885
"Didelphis virginiana",-90.1482,18.5469
"Didelphis virginiana",-99.02032,24.60041
"Didelphis virginiana",-87.8136492,41.8793838
"Didelphis virginiana",-122.4895696,37.6287699
"Didelphis virginiana",-85.16667,30.79167
"Didelphis virginiana",-84.4472931,42.7252499
"Didelphis virginiana",-104.464444,21.424444
"Didelphis virginiana",-90.022358,35.360239
"Didelphis virginiana",-83.2830581,42.2505557
"Didelphis virginiana",-99.319443,19.103333
"Didelphis virginiana",-96.17989,38.41448
"Didelphis virginiana",-99.764442,20.039168
"Didelphis virginiana",-97.446723,35.179196
"Didelphis virginiana",-99.180275,19.32361
"Didelphis virginiana",-105.22598,21.16573
"Didelphis virginiana",-87.767216,41.902695
"Didelphis virginiana",-98.978615,19.076111
"Didelphis virginiana",-91.0419439,30.8481883
"Didelphis virginiana",-99.335364,34.786762
"Didelphis virginiana",-97.441294,35.285089
"Didelphis virginiana",-119.706389,34.417222
"Didelphis virginiana",-104.470425,23.539272
"Didelphis virginiana",-118.21,34.14
"Didelphis virginiana",-79.07165,43.08119
"Didelphis virginiana",-94.872,40.346
"Didelphis virginiana",-88.716667,14.213229
"Didelphis virginiana",-105.376833,22.4645
"Didelphis virginiana",-92.148055,15.376667
"Didelphis virginiana",-102.34738,17.981719
"Didelphis virginiana",-98.5259195,18.6014918
"Didelphis virginiana",-95.46765,40.6044
"Didelphis virginiana",-88.856934,39.893566
"Didelphis virginiana",-98.614174,19.594447
"Didelphis virginiana",-100.01472,16.97247
"Didelphis virginiana",-94.209722,16.370556
"Didelphis virginiana",-64.838665,46.624888
"Didelphis virginiana",-95.66122,18.619
"Didelphis virginiana",-97.99449,23.82793
"Didelphis virginiana",-100.740505,31.290677
"Didelphis virginiana",-78.9591339,35.1481836
"Didelphis virginiana",-89.699573,38.123074
"Didelphis virginiana",-98.648,30.236
"Didelphis virginiana",-96.341667,17.660278
"Didelphis virginiana",-88.019722,44.516944
"Didelphis virginiana",-104.655,24.025
"Didelphis virginiana",-92.143056,15.433333
"Didelphis virginiana",-96.457474,15.965585
"Didelphis virginiana",-99.383888,18.793056
"Didelphis virginiana",-85.099201,35.709983
"Didelphis virginiana",-94.623,31.67
"Didelphis virginiana",-92.247778,14.89546
"Didelphis virginiana",-92.6444,41.2964
"Didelphis virginiana",-102.632983,38.08722
"Didelphis virginiana",-90.135842,18.378457
"Didelphis virginiana",-96.205435,29.880976
"Didelphis virginiana",-79.95248,43.07211
"Didelphis virginiana",-97.5350707,20.8980553
"Didelphis virginiana",-100.534866,31.492724
"Didelphis virginiana",-100.45199,31.809489
"Didelphis virginiana",-94.415497,39.091931
"Didelphis virginiana",-80.791717,41.877783
"Didelphis virginiana",-88.135892,42.16345
"Didelphis virginiana",-100.283333,25.624
"Didelphis virginiana",-92.7987,38.4311
"Didelphis virginiana",-90.9579392,30.0682135
"Didelphis virginiana",-103.9955,23.745833
"Didelphis virginiana",-93.222288,45.107805
"Didelphis virginiana",-92.8969927,31.1431744
"Didelphis virginiana",-99.768864,32.439647
"Didelphis virginiana",-94.736152,40.168082
"Didelphis virginiana",-98.868333,19.695
"Didelphis virginiana",-76.490741,42.465699
"Didelphis virginiana",-86.8484249,21.1519597
"Didelphis virginiana",-100.517172,31.507967
"Didelphis virginiana",-90.7709335,29.7692238
"Didelphis virginiana",-95.98418,29.540792
"Didelphis virginiana",-98.822778,19.476944
"Didelphis virginiana",-73.360973,41.160095
"Didelphis virginiana",-102.501,18.020181
"Didelphis virginiana",-104.610167,24.601
"Didelphis virginiana",-91.2119466,30.3512037
"Didelphis virginiana",-103.839447,21.901388
"Didelphis virginiana",-121.2770938,38.6905703
"Didelphis virginiana",-73.70222,42.59083
"Didelphis virginiana",-90.7204587,19.3098136
"Didelphis virginiana",-100.05278,18.895556
"Didelphis virginiana",-85.5491042,12.5463724
"Didelphis virginiana",-99.612,21.43
"Didelphis virginiana",-109.00972,27.044776
"Didelphis virginiana",-86.1224423,42.5566498
"Didelphis virginiana",-79.08175,43.25067
"Didelphis virginiana",-122.231532,37.727802
"Didelphis virginiana",-99.964587,31.097163
"Didelphis virginiana",-102.815865,22.64907
"Didelphis virginiana",-96.334407,30.627977
"Didelphis virginiana",-117.826689,33.888805
"Didelphis virginiana",-71.425,42.2
"Didelphis virginiana",-89.7078636,46.3679187
"Didelphis virginiana",-97.60863,38.8137
"Didelphis virginiana",-121.5683848,37.6371752
"Didelphis virginiana",-99.613379,28.345548
"Didelphis virginiana",-102.482136,32.930186
"Didelphis virginiana",-98.380948,26.183658
"Didelphis virginiana",-99.205833,18.833056
"Didelphis virginiana",-84.6833,15.8833
"Didelphis virginiana",-93.62272,42.03091
"Didelphis virginiana",-105.2317101,22.0551981
"Didelphis virginiana",-119.731111,34.431944
"Didelphis virginiana",-99.173614,19.320833
"Didelphis virginiana",-102.119286,18.856656
"Didelphis virginiana",-101.7146168,22.6279649
"Didelphis virginiana",-91.731111,16.131111
"Didelphis virginiana",-101.8024774,39.7884285
"Didelphis virginiana",-97.666655,20.505956
"Didelphis virginiana",-91.6499587,30.5961948
"Didelphis virginiana",-99.355553,19.373056
"Didelphis virginiana",-88.84093,35.634556
"Didelphis virginiana",-92.64,16.74
"Didelphis virginiana",-83.0032421,35.1077828
"Didelphis virginiana",-88.89889,40.56389
"Didelphis virginiana",-100.511774,31.528173
"Didelphis virginiana",-92.1000241,43.666628
"Didelphis virginiana",-122.6752,45.413
"Didelphis virginiana",-75.36,39.97
"Didelphis virginiana",-96.01751,29.903898
"Didelphis virginiana",-98.931549,37.959164
"Didelphis virginiana",-99.36689,38.8588
"Didelphis virginiana",-88.570958,36.250581
"Didelphis virginiana",-97.406024,35.217794
"Didelphis virginiana",-88.339683,35.139173
"Didelphis virginiana",-87.656525,41.925339
"Didelphis virginiana",-100.449074,37.285511
"Didelphis virginiana",-84.5344957,42.7305497
"Didelphis virginiana",-104.9334,21.967133
"Didelphis virginiana",-92.1559689,29.7842199
"Didelphis virginiana",-97.052,28.042
"Didelphis virginiana",-84.4247324,42.7368398
"Didelphis virginiana",-117.4,33.95
"Didelphis virginiana",-97.212943,32.62983
"Didelphis virginiana",-96.720007,17.067802
"Didelphis virginiana",-119.718056,34.4425
"Didelphis virginiana",-95.702782,39.208767
"Didelphis virginiana",-97.929167,17.207778
"Didelphis virginiana",-94.435278,18.137778
"Didelphis virginiana",-92.03825,17.488264
"Didelphis virginiana",-92.5079785,29.9562133
"Didelphis virginiana",-119.825278,34.435833
"Didelphis virginiana",-119.723056,34.440556
"Didelphis virginiana",-98.4915,39.7849
"Didelphis virginiana",-87.427059,36.501179
"Didelphis virginiana",-99.361944,18.256389
"Didelphis virginiana",-92.2689734,30.2522043
"Didelphis virginiana",-94.33083,40.24861
"Didelphis virginiana",-97.479113,35.24796
"Didelphis virginiana",-84.2325896,44.7249338
"Didelphis virginiana",-100.666608,31.261746
"Didelphis virginiana",-104.513367,19.13245
"Didelphis virginiana",-92.536917,15.232833
"Didelphis virginiana",-90.5479337,31.6721642
"Didelphis virginiana",-91.1739458,30.3882026
"Didelphis virginiana",-103.551941,21.006666
"Didelphis virginiana",-117.250962,33.38315
"Didelphis virginiana",-112.236273,34.397805
"Didelphis virginiana",-98.004371,32.933439
"Didelphis virginiana",-99.132797,39.455299
"Didelphis virginiana",-73.4772,41.8792
"Didelphis virginiana",-100.462763,31.358227
"Didelphis virginiana",-100.139198,21.542601
"Didelphis virginiana",-89.8979116,29.8952216
"Didelphis virginiana",-85.203338,35.12274
"Didelphis virginiana",-103.2913227,22.3101931
"Didelphis virginiana",-82.280772,35.265067
"Didelphis virginiana",-96.57957,39.07404
"Didelphis virginiana",-83.79556,32.09139
"Didelphis virginiana",-97.436859,35.240009
"Didelphis virginiana",-122.3992313,45.5869483
"Didelphis virginiana",-91.749444,16.136389
"Didelphis virginiana",-122.26172,37.87148
"Didelphis virginiana",-123.9144415,45.7200129
"Didelphis virginiana",-102.708885,21.801111
"Didelphis virginiana",-91.8649624,30.0442121
"Didelphis virginiana",-86.675,35.107
"Didelphis virginiana",-94.176986,35.609861
"Didelphis virginiana",-98.923315,38.439384
"Didelphis virginiana",-88.985278,18.192222
"Didelphis virginiana",-88.99361,40.48417
"Didelphis virginiana",-95.463931,30.42009
"Didelphis virginiana",-89.171071,35.462061
"Didelphis virginiana",-96.456588,30.115558
"Didelphis virginiana",-103.836854,20.883149
"Didelphis virginiana",-96.5326452,43.536575
"Didelphis virginiana",-97.235277,35.222395
"Didelphis virginiana",-80.53,42.63
"Didelphis virginiana",-99.768878,32.439786
"Didelphis virginiana",-122.188107,38.043851
"Didelphis virginiana",-85.925604,13.0059679
"Didelphis virginiana",-91.0799436,30.4582006
"Didelphis virginiana",-118.12,33.88
"Didelphis virginiana",-122.6609088,45.6387255
"Didelphis virginiana",-96.334,30.628
"Didelphis virginiana",-95.2407902,38.975978
"Didelphis virginiana",-84.36,34.02
"Didelphis virginiana",-92.1279689,29.9682139
"Didelphis virginiana",-98.604446,38.105549
"Didelphis virginiana",-73.569305,41.805774
"Didelphis virginiana",-118.24,34.04
"Didelphis virginiana",-116.867,33.042
"Didelphis virginiana",-84.7011,45.5606
"Didelphis virginiana",-73.864573,42.21731
"Didelphis virginiana",-89.35472,36.38083
"Didelphis virginiana",-111.242317,31.402873
"Didelphis virginiana",-87.5675825,12.992005
"Didelphis virginiana",-122.257514,37.866575
"Didelphis virginiana",-92.3089745,30.2732035
"Didelphis virginiana",-100.592778,25.809167
"Didelphis virginiana",-122.28454,47.76953
"Didelphis virginiana",-97.381538,38.046665
"Didelphis virginiana",-121.994278,38.355114
"Didelphis virginiana",-98.934535,37.47043
"Didelphis virginiana",-94.612805,16.386369
"Didelphis virginiana",-91.9569651,30.1472085
"Didelphis virginiana",-94.495687,30.28389
"Didelphis virginiana",-99.233055,19.416667
"Didelphis virginiana",-92.0199668,30.1892069
"Didelphis virginiana",-122.5692,45.4078
"Didelphis virginiana",-92.293976,30.7971868
"Didelphis virginiana",-91.8329618,30.11121
"Didelphis virginiana",-94.429191,43.855473
"Didelphis virginiana",-98.471854,29.463525
"Didelphis virginiana",-92.477778,16.904444
"Didelphis virginiana",-87.735268,41.95813
"Didelphis virginiana",-95.97237,38.53655
"Didelphis virginiana",-92.37444,30.141304
"Didelphis virginiana",-100.515301,31.207844
"Didelphis virginiana",-119.6075,34.429167
"Didelphis virginiana",-93.7311543,40.2422626
"Didelphis virginiana",-122.441045,37.732245
"Didelphis virginiana",-120.833333,35.4
"Didelphis virginiana",-84.84,43.65
"Didelphis virginiana",-124.200556,41.756111
"Didelphis virginiana",-122.21912,47.70521
"Didelphis virginiana",-76.51106,42.32652
"Didelphis virginiana",-84.64,30.82564
"Didelphis virginiana",-97.91305,33.231633
"Didelphis virginiana",-89.576886,35.226436
"Didelphis virginiana",-122.259105,37.848789
"Didelphis virginiana",-80.95417,41.85944
"Didelphis virginiana",-84.4838941,42.7042501
"Didelphis virginiana",-93.15,16.783333
"Didelphis virginiana",-98.945271,31.271307
"Didelphis virginiana",-96.626038,34.12013
"Didelphis virginiana",-98.397159,32.97022
"Didelphis virginiana",-83.23,33.09
"Didelphis virginiana",-122.288801,37.887696
"Didelphis virginiana",-79.23883,43.17311
"Didelphis virginiana",-104.71,19.68814
"Didelphis virginiana",-91.832962,30.1652082
"Didelphis virginiana",-92.384433,31.1728
"Didelphis virginiana",-122.34211,38.37529
"Didelphis virginiana",-82.350573,29.597734
"Didelphis virginiana",-72.61,40.82306
"Didelphis virginiana",-87.807214,41.988226
"Didelphis virginiana",-99.02351,18.5102
"Didelphis virginiana",-92.261158,38.811792
"Didelphis virginiana",-80.883333,43.916667
"Didelphis virginiana",-92.0669682,30.2332054
"Didelphis virginiana",-96.42,36.84567
"Didelphis virginiana",-92.9053528,44.5068196
"Didelphis virginiana",-71.1652,42.40837
"Didelphis virginiana",-99.533333,20.866667
"Didelphis virginiana",-91.986966,30.2052065
"Didelphis virginiana",-96.314445,30.601389
"Didelphis virginiana",-122.27619,47.75345
"Didelphis virginiana",-84.777769,43.534862
"Didelphis virginiana",-92.684,41.7598
"Didelphis virginiana",-98.790338,18.524909
"Didelphis virginiana",-97.917222,16.825278
"Didelphis virginiana",-100.071667,25.018056
"Didelphis virginiana",-94.032362,16.525261
"Didelphis virginiana",-102.1175,17.957199
"Didelphis virginiana",-102.330559,21.708056
"Didelphis virginiana",-100.612537,31.813783
"Didelphis virginiana",-99.4725,21.171667
"Didelphis virginiana",-92.0419674,30.2032064
"Didelphis virginiana",-118.474361,34.09128
"Didelphis virginiana",-101.20215,39.78459
"Didelphis virginiana",-97.2382204,41.2992462
"Didelphis virginiana",-90.598929,29.7202258
"Didelphis virginiana",-88.0668686,41.8774834
"Didelphis virginiana",-99.5375,26.314444
"Didelphis virginiana",-85.014648,38.706764
"Didelphis virginiana",-92.5339812,30.5241948
"Didelphis virginiana",-98.570007,19.606392
"Didelphis virginiana",-74.581654,42.574318
"Didelphis virginiana",-97.973839,38.929993
"Didelphis virginiana",-82.49563,29.55168
"Didelphis virginiana",-91.725833,16.135278
"Didelphis virginiana",-87.708215,41.907355
"Didelphis virginiana",-105.08333,19.56139
"Didelphis virginiana",-95.07,18.58
"Didelphis virginiana",-96.7742,18.9342
"Didelphis virginiana",-92.1899703,29.9252151
"Didelphis virginiana",-104.75825,23.082733
"Didelphis virginiana",-100.275,25.8125
"Didelphis virginiana",-91.851962,30.0452121
"Didelphis virginiana",-104.457924,23.533839
"Didelphis virginiana",-93.051389,17.442778
"Didelphis virginiana",-71.21359,42.37482
"Didelphis virginiana",-92.0919688,30.2342053
"Didelphis virginiana",-92.4449809,31.0931772
"Didelphis virginiana",-73.2642,41.1411
"Didelphis virginiana",-98.707,35.526
"Didelphis virginiana",-72.6822,41.2889
"Didelphis virginiana",-104.877,19.60994
"Didelphis virginiana",-122.7944,45.6283
"Didelphis virginiana",-102.0492831,39.6584394
"Didelphis virginiana",-122.100522,37.994844
"Didelphis virginiana",-99.76884,32.439457
"Didelphis virginiana",-124.134,42.1869
"Didelphis virginiana",-84.193345,30.700876
"Didelphis virginiana",-122.2316,37.85754
"Didelphis virginiana",-117.121443,32.762943
"Didelphis virginiana",-87.9167,15.3333
"Didelphis virginiana",-96.47198,28.46595
"Didelphis virginiana",-97.569167,17.119167
"Didelphis virginiana",-103.988,23.541667
"Didelphis virginiana",-93.116805,16.752778
"Didelphis virginiana",-122.539963,38.035291
"Didelphis virginiana",-91.7049613,30.933184
"Didelphis virginiana",-101.041672,39.806671
"Didelphis virginiana",-98.716674,18.232225
"Didelphis virginiana",-87.650052,41.850033
"Didelphis virginiana",-122.175445,37.871842
"Didelphis virginiana",-85.8329429,13.0175305
"Didelphis virginiana",-84.1536839,42.3896536
"Didelphis virginiana",-90.105021,34.933402
"Didelphis virginiana",-94.342798,30.469954
"Didelphis virginiana",-97.432466,35.196627
"Didelphis virginiana",-96.5023,41.6202
"Didelphis virginiana",-97.743759,39.121933
"Didelphis virginiana",-102.073611,19.428556
"Didelphis virginiana",-92.2679734,30.2652038
"Didelphis virginiana",-85.364786,35.010112
"Didelphis virginiana",-88.034709,19.6148424
"Didelphis virginiana",-92.6719831,30.0802088
"Didelphis virginiana",-72.8972,41.3931
"Didelphis virginiana",-91.2249471,30.3752029
"Didelphis virginiana",-88.4,17.566667
"Didelphis virginiana",-95.56445,38.17715
"Didelphis virginiana",-122.5486,45.4634
"Didelphis virginiana",-98.17783,30.267
"Didelphis virginiana",-117.013318,32.656179
"Didelphis virginiana",-80.676392,41.934296
"Didelphis virginiana",-93.66778,31.100917
"Didelphis virginiana",-121.959466,37.945519
"Didelphis virginiana",-101.184243,31.977453
"Didelphis virginiana",-92.3619755,30.159207
"Didelphis virginiana",-92.615,16.708333
"Didelphis virginiana",-99.564011,31.767293
"Didelphis virginiana",-81.932048,34.949567
"Didelphis virginiana",-98.666474,36.921046
"Didelphis virginiana",-90.9949422,30.6941933
"Didelphis virginiana",-89.777127,35.084389
"Didelphis virginiana",-82.277748,29.692446
"Didelphis virginiana",-97.677965,20.43848
"Didelphis virginiana",-83.545034,44.444809
"Didelphis virginiana",-99.190175,18.750845
"Didelphis virginiana",-91.550087,41.554083
"Didelphis virginiana",-93.5810068,30.1912027
"Didelphis virginiana",-122.5026742,37.7288615
"Didelphis virginiana",-92.401666,31.268888
"Didelphis virginiana",-84.281573,35.384122
"Didelphis virginiana",-100.104167,17.018056
"Didelphis virginiana",-100.548599,21.371099
"Didelphis virginiana",-99.1920624,23.0998973
"Didelphis virginiana",-82.25788,29.08422
"Didelphis virginiana",-99.162224,18.851111
"Didelphis virginiana",-91.7529602,30.2372061
"Didelphis virginiana",-89.099711,35.812845
"Didelphis virginiana",-122.4782238,37.6634802
"Didelphis virginiana",-90.8019337,29.5672304
"Didelphis virginiana",-92.60314,41.44826
"Didelphis virginiana",-122.244551,38.220836
"Didelphis virginiana",-99.433889,18.739722
"Didelphis virginiana",-100.252222,17.341944
"Didelphis virginiana",-83.628,40.17
"Didelphis virginiana",-90.497,41.526
"Didelphis virginiana",-105.039,19.48669
"Didelphis virginiana",-102.043056,18.048333
"Didelphis virginiana",-84.0439807,42.3756538
"Didelphis virginiana",-86.6456196,12.4176667
"Didelphis virginiana",-95.53116,31.56079
"Didelphis virginiana",-95.2908014,38.9426884
"Didelphis virginiana",-100.168053,22.284166
"Didelphis virginiana",-82.44032,28.06558
"Didelphis virginiana",-119.711944,34.450833
"Didelphis virginiana",-119.874167,34.545833
"Didelphis virginiana",-90.104771,18.565714
"Didelphis virginiana",-100.4625,25.676111
"Didelphis virginiana",-93.2203641,44.8221168
"Didelphis virginiana",-96.563385,39.393795
"Didelphis virginiana",-98.162507,19.60167
"Didelphis virginiana",-96.712414,39.428223
"Didelphis virginiana",-80.15,43.47
"Didelphis virginiana",-78.6371253,35.8184676
"Didelphis virginiana",-92.0189669,30.2152061
"Didelphis virginiana",-101.637967,19.513417
"Didelphis virginiana",-122.483471,37.712344
"Didelphis virginiana",-84.61,42.94
"Didelphis virginiana",-97.386895,35.189734
"Didelphis virginiana",-96.217222,18.097222
"Didelphis virginiana",-84.4726939,42.7405497
"Didelphis virginiana",-110.222,29.811001
"Didelphis virginiana",-107.384444,24.799167
"Didelphis virginiana",-102.093611,19.427972
"Didelphis virginiana",-92.2139752,31.1671755
"Didelphis virginiana",-95.12278,35.25361
"Didelphis virginiana",-100.469572,31.43971
"Didelphis virginiana",-119.697222,34.420833
"Didelphis virginiana",-122.2762148,37.7856621
"Didelphis virginiana",-80.6295,28.1077
"Didelphis virginiana",-100.643889,17.207778
"Didelphis virginiana",-96.309344,30.578656
"Didelphis virginiana",-98.764442,38.364441
"Didelphis virginiana",-97.248527,32.019957
"Didelphis virginiana",-122.00754,37.9621465
"Didelphis virginiana",-102.1922608,25.5154229
"Didelphis virginiana",-98.149452,19.560281
"Didelphis virginiana",-118.03,33.93
"Didelphis virginiana",-100.494302,31.414399
"Didelphis virginiana",-92.048968,30.3172027
"Didelphis virginiana",-81.23026,28.5992
"Didelphis virginiana",-103.966667,23.716667
"Didelphis virginiana",-85.246969,42.486832
"Didelphis virginiana",-122.2234836,37.4696826
"Didelphis virginiana",-100.128889,25.428333
"Didelphis virginiana",-122.090198,38.011133
"Didelphis virginiana",-99.313888,38.238552
"Didelphis virginiana",-89.723061,20.727314
"Didelphis virginiana",-97.3781294,42.0326468
"Didelphis virginiana",-122.2331311,37.8819464
"Didelphis virginiana",-122.2700352,37.8271613
"Didelphis virginiana",-88.169441,21.183056
"Didelphis virginiana",-99.099442,18.985277
"Didelphis virginiana",-77.2762626,42.3061244
"Didelphis virginiana",-85.3862202,42.3956524
"Didelphis virginiana",-92.5959827,30.4991955
"Didelphis virginiana",-87.6023315,20.8694709
"Didelphis virginiana",-95.97205,38.53491
"Didelphis virginiana",-91.8789624,29.953215
"Didelphis virginiana",-99.069107,39.766933
"Didelphis virginiana",-99.412222,18.851667
"Didelphis virginiana",-89.6215475,20.9683511
"Didelphis virginiana",-105.073055,19.526667
"Didelphis virginiana",-82.9986475,39.9610861
"Didelphis virginiana",-122.407372,48.420951
"Didelphis virginiana",-98.458333,21.775
"Didelphis virginiana",-90.8189347,29.7422246
"Didelphis virginiana",-72.9286,41.3081
"Didelphis virginiana",-96.998889,18.896944
"Didelphis virginiana",-122.3061,47.6719
"Didelphis virginiana",-97.199715,32.93444
"Didelphis virginiana",-122.470667,49.058052
"Didelphis virginiana",-82.687222,41.386667
"Didelphis virginiana",-122.2573328,37.4285003
"Didelphis virginiana",-101.980428,19.083028
"Didelphis virginiana",-84.792955,43.623216
"Didelphis virginiana",-82.3,29.6
"Didelphis virginiana",-121.9867637,47.7174933
"Didelphis virginiana",-88.018661,41.787228
"Didelphis virginiana",-88.9715,40.51417
"Didelphis virginiana",-84.3512903,42.7548497
"Didelphis virginiana",-118.66,34.1
"Didelphis virginiana",-97.131401,15.9382
"Didelphis virginiana",-104.785,19.30558
"Didelphis virginiana",-84.3227894,42.6951503
"Didelphis virginiana",-95.2947836,39.322172
"Didelphis virginiana",-102.108055,17.976389
"Didelphis virginiana",-91.1759459,30.4102019
"Didelphis virginiana",-118.113175,33.778963
"Didelphis virginiana",-94.11583,30.271174
"Didelphis virginiana",-92.0689682,30.2182059
"Didelphis virginiana",-91.18,15.48
"Didelphis virginiana",-99.378066,34.943411
"Didelphis virginiana",-85.338763,35.028651
"Didelphis virginiana",-102.2894327,22.7007017
"Didelphis virginiana",-97.416129,25.859279
"Didelphis virginiana",-99.189,19.316667
"Didelphis virginiana",-101.83083,35.337594
"Didelphis virginiana",-95.15,31.39
"Didelphis virginiana",-101.00603,30.1863
"Didelphis virginiana",-100.385605,31.492629
"Didelphis virginiana",-102.091806,19.426528
"Didelphis virginiana",-88.022722,44.082117
"Didelphis virginiana",-103.1660354,21.2644101
"Didelphis virginiana",-98.478527,32.901641
"Didelphis virginiana",-121.9949759,37.9732164
"Didelphis virginiana",-123.14142,45.435908
"Didelphis virginiana",-92.213974,30.829186
"Didelphis virginiana",-96.8089307,17.2487849
"Didelphis virginiana",-97.699497,32.706923
"Didelphis virginiana",-84.6617994,42.7263497
"Didelphis virginiana",-92.0659721,31.3871691
"Didelphis virginiana",-97.332254,35.21825
"Didelphis virginiana",-87.79149,41.991306
"Didelphis virginiana",-122.350877,47.668428
"Didelphis virginiana",-99.328055,18.310833
"Didelphis virginiana",-99.859,28.527
"Didelphis virginiana",-89.8129123,30.8931897
"Didelphis virginiana",-92.1549697,30.0262119
"Didelphis virginiana",-92.068557,35.855192
"Didelphis virginiana",-89.216735,35.115366
"Didelphis virginiana",-99.4816046,17.291919
"Didelphis virginiana",-95.031769,37.366329
"Didelphis virginiana",-99.5622,39.2536
"Didelphis virginiana",-95.927816,32.266055
"Didelphis virginiana",-87.762172,41.941744
"Didelphis virginiana",-122.245397,37.795149
"Didelphis virginiana",-84.106745,35.397026
"Didelphis virginiana",-101.157142,31.428142
"Didelphis virginiana",-85.0225,35.22194
"Didelphis virginiana",-122.27896,37.88243
"Didelphis virginiana",-89.559471,35.228968
"Didelphis virginiana",-98.99295,39.045822
"Didelphis virginiana",-99.697222,20.719444
"Didelphis virginiana",-100.985001,29.896668
"Didelphis virginiana",-89.583333,20.183333
"Didelphis virginiana",-99.036111,25.879444
"Didelphis virginiana",-99.2251054,19.3089563
"Didelphis virginiana",-89.33,19.17
"Didelphis virginiana",-122.3,49.0333
"Didelphis virginiana",-92.636111,16.736111
"Didelphis virginiana",-98.970276,18.886389
"Didelphis virginiana",-90.0604,35.3436
"Didelphis virginiana",-109.217,28.43853
"Didelphis virginiana",-97.472591,35.200286
"Didelphis virginiana",-118.283333,34.133335
"Didelphis virginiana",-82.9931,41.4592
"Didelphis virginiana",-96.62128,30.31496
"Didelphis virginiana",-95.001,30.492
"Didelphis virginiana",-117.768008,33.562878
"Didelphis virginiana",-89.366667,18.883333
"Didelphis virginiana",-99.806938,38.776669
"Didelphis virginiana",-103.7719294,19.2025153
"Didelphis virginiana",-105.879167,23.627778
"Didelphis virginiana",-100.49833,31.120755
"Didelphis virginiana",-92.155217,15.155217
"Didelphis virginiana",-82.33056,28.83556
"Didelphis virginiana",-97.766951,19.752229
"Didelphis virginiana",-99.46752,17.36122
"Didelphis virginiana",-100.0450128,25.4957116
"Didelphis virginiana",-87.714882,41.972797
"Didelphis virginiana",-95.108333,18.425
"Didelphis virginiana",-95.626361,29.367108
"Didelphis virginiana",-84.84,43.99
"Didelphis virginiana",-122.3256,47.68399
"Didelphis virginiana",-92.0759682,30.1592078
"Didelphis virginiana",-87.771698,41.898991
"Didelphis virginiana",-84.4640336,42.7368397
"Didelphis virginiana",-90.364203,35.02528
"Didelphis virginiana",-118.41,34.01
"Didelphis virginiana",-96.9572582,37.2978135
"Didelphis virginiana",-104.996667,19.526667
"Didelphis virginiana",-109.016505,25.9786456
"Didelphis virginiana",-91.1139443,30.3912027
"Didelphis virginiana",-89.9781343,42.0732405
"Didelphis virginiana",-99.2519,38.879147
"Didelphis virginiana",-99.23061,30.748788
"Didelphis virginiana",-99.769241,38.991383
"Didelphis virginiana",-100.104156,39.364426
"Didelphis virginiana",-87.19866,13.624422
"Didelphis virginiana",-105.788,22.821
"Didelphis virginiana",-100.054169,19.998056
"Didelphis virginiana",-91.8039607,30.0032136
"Didelphis virginiana",-92.955,16.681389
"Didelphis virginiana",-98.01815,38.18463
"Didelphis virginiana",-102.086979,39.635181
"Didelphis virginiana",-82.325,29.604931
"Didelphis virginiana",-83.729846,42.296638
"Didelphis virginiana",-122.244741,37.797396
"Didelphis virginiana",-90.0269179,30.9311881
"Didelphis virginiana",-91.1459427,29.6562266
"Didelphis virginiana",-87.764557,41.896175
"Didelphis virginiana",-84.4310926,42.71175
"Didelphis virginiana",-94.830642,40.054486
"Didelphis virginiana",-99.087932,35.599038
"Didelphis virginiana",-94.5974727,39.0627786
"Didelphis virginiana",-122.054135,37.890408
"Didelphis virginiana",-95.96266,38.53127
"Didelphis virginiana",-97.16844,15.989
"Didelphis virginiana",-82.419504,29.733486
"Didelphis virginiana",-102.7249243,20.817212
"Didelphis virginiana",-88.0111,41.8089
"Didelphis virginiana",-102.028056,17.986389
"Didelphis virginiana",-98.908698,38.530947
"Didelphis virginiana",-89.662313,35.292492
"Didelphis virginiana",-72.949722,41.874722
"Didelphis virginiana",-96.959,28.846
"Didelphis virginiana",-121.901448,38.008379
"Didelphis virginiana",-99.103638,37.815277
"Didelphis virginiana",-81.95,28.03917
"Didelphis virginiana",-96.146,38.1077
"Didelphis virginiana",-120.8493879,37.768197
"Didelphis virginiana",-99.816111,21.05
"Didelphis virginiana",-75.27,39.88
"Didelphis virginiana",-96.74443,32.06643
"Didelphis virginiana",-90.736635,34.935517
"Didelphis virginiana",-122.080939,37.669538
"Didelphis virginiana",-103.88175,19.149333
"Didelphis virginiana",-104.4575,23.5335
"Didelphis virginiana",-81.78889,28.065
"Didelphis virginiana",-82.345244,29.644815
"Didelphis virginiana",-85.10519,35.28114
"Didelphis virginiana",-86.2772297,11.8838652
"Didelphis virginiana",-98.98727,21.40055
"Didelphis virginiana",-105.1814706,21.0710315
"Didelphis virginiana",-99.234167,18.918611
"Didelphis virginiana",-91.7499595,30.0652117
"Didelphis virginiana",-99.680556,32.458056
"Didelphis virginiana",-96.07778,30.652267
"Didelphis virginiana",-105.74539,22.54775
"Didelphis virginiana",-96.7016,16.69307
"Didelphis virginiana",-94.883721,46.0665717
"Didelphis virginiana",-84.1502,39.1335
"Didelphis virginiana",-100.263336,19.267778
"Didelphis virginiana",-99.583333,21.15
"Didelphis virginiana",-85.32,43.64
"Didelphis virginiana",-98.94675,33.775933
"Didelphis virginiana",-97.405932,35.232665
"Didelphis virginiana",-117.3959195,33.9387654
"Didelphis virginiana",-92.1879723,30.5331954
"Didelphis virginiana",-93.6160061,29.7572168
"Didelphis virginiana",-87.8547,41.7975
"Didelphis virginiana",-83.01,39.97
"Didelphis virginiana",-100.26667,18.917778
"Didelphis virginiana",-89.329989,19.1168
"Didelphis virginiana",-104.031333,23.855167
"Didelphis virginiana",-99.19333,19.31833
"Didelphis virginiana",-99.01002,21.98241
"Didelphis virginiana",-120.069167,34.4775
"Didelphis virginiana",-103.67,19.24
"Didelphis virginiana",-72.461548,40.883855
"Didelphis virginiana",-96.799906,33.881975
"Didelphis virginiana",-104.723611,21.856111
"Didelphis virginiana",-122.500151,37.730077
"Didelphis virginiana",-101.79736,30.46695
"Didelphis virginiana",-90.042508,34.933427
"Didelphis virginiana",-102.8233106,20.2999483
"Didelphis virginiana",-84.50003,38.03251
"Didelphis virginiana",-98.540285,18.571669
"Didelphis virginiana",-99.318446,38.87822
"Didelphis virginiana",-89.86556,34.99056
"Didelphis virginiana",-122.4541103,37.7407557
"Didelphis virginiana",-98.81781,19.52618
"Didelphis virginiana",-81.306389,41.462778
"Didelphis virginiana",-98.17,19.573028
"Didelphis virginiana",-92.0474295,17.484897
"Didelphis virginiana",-96.17921,38.41062
"Didelphis virginiana",-92.3379767,30.6881901
"Didelphis virginiana",-93.801575,43.6790231
"Didelphis virginiana",-124.099448,42.231797
"Didelphis virginiana",-84.4836942,42.7368497
"Didelphis virginiana",-88.812715,36.591791
"Didelphis virginiana",-83.75,41.683333
"Didelphis virginiana",-91.729722,16.081667
"Didelphis virginiana",-92.4189786,30.6331917
"Didelphis virginiana",-118.54,34.05
"Didelphis virginiana",-93.702154,40.3310613
"Didelphis virginiana",-84.325965,33.790598
"Didelphis virginiana",-122.7547,45.2311
"Didelphis virginiana",-97.4491229,35.2038862
"Didelphis virginiana",-94.693001,36.325749
"Didelphis virginiana",-94.884328,40.334733
"Didelphis virginiana",-95.87894,38.50751
"Didelphis virginiana",-96.7181,16.69074
"Didelphis virginiana",-98.40402,26.21542
"Didelphis virginiana",-97.511847,35.232481
"Didelphis virginiana",-97.19277,36.115948
"Didelphis virginiana",-122.3242,48.4758
"Didelphis virginiana",-73.974563,42.439068
"Didelphis virginiana",-96.7014,16.6935
"Didelphis virginiana",-95.006389,18.515833
"Didelphis virginiana",-91.175946,30.4422009
"Didelphis virginiana",-97.623576,20.104569
"Didelphis virginiana",-100.969833,31.305124
"Didelphis virginiana",-96.751999,17.111999
"Didelphis virginiana",-104.9351063,19.4750303
"Didelphis virginiana",-99.959722,18.151667
"Didelphis virginiana",-90.49306,35.149769
"Didelphis virginiana",-100.402588,31.471939
"Didelphis virginiana",-117.017235,32.955956
"Didelphis virginiana",-99.18972,19.33139
"Didelphis virginiana",-91.4249537,30.8321879
"Didelphis virginiana",-91.1719457,30.3882026
"Didelphis virginiana",-90.3369252,30.6791953
"Didelphis virginiana",-92.4049783,30.6411914
"Didelphis virginiana",-91.6275,17.312778
"Didelphis virginiana",-85.1264041,37.8107216
"Didelphis virginiana",-96.80905,17.24873
"Didelphis virginiana",-90.9832406,18.8006698
"Didelphis virginiana",-90.35,38.59
"Didelphis virginiana",-117.03173,32.705135
"Didelphis virginiana",-94.3116821,38.5518084
"Didelphis virginiana",-106.4165772,23.2506591
"Didelphis virginiana",-94.034444,16.521111
"Didelphis virginiana",-91.8329618,30.1252095
"Didelphis virginiana",-97.625833,35.4875
"Didelphis virginiana",-87.623695,41.881429
"Didelphis virginiana",-98.779724,20.557223
"Didelphis virginiana",-88.087747,42.636849
"Didelphis virginiana",-119.7525,34.439444
"Didelphis virginiana",-96.489161,29.601777
"Didelphis virginiana",-102.074528,19.430389
"Didelphis virginiana",-71.17442,42.65267
"Didelphis virginiana",-88.2375,18.786222
"Didelphis virginiana",-87.1753623,12.5507087
"Didelphis virginiana",-99.560902,38.936805
"Didelphis virginiana",-100.472209,31.42956
"Didelphis virginiana",-93.9160245,32.53913
"Didelphis virginiana",-104.109,19.175833
"Didelphis virginiana",-90.4889293,30.7641923
"Didelphis virginiana",-105.04014,19.48269
"Didelphis virginiana",-92.5349884,32.5231343
"Didelphis virginiana",-99.782951,38.640274
"Didelphis virginiana",-99.769722,23.971944
"Didelphis virginiana",-96.564713,30.16667
"Didelphis virginiana",-90.689171,38.713329
"Didelphis virginiana",-94.9687093,43.6122199
"Didelphis virginiana",-94.706332,30.703674
"Didelphis virginiana",-99.448898,20.591999
"Didelphis virginiana",-88.790555,18.418611
"Didelphis virginiana",-109.618423,28.968627
"Didelphis virginiana",-98.950008,19.170281
"Didelphis virginiana",-94.759261,40.344406
"Didelphis virginiana",-99.612717,38.950554
"Didelphis virginiana",-100.324167,25.809167
"Didelphis virginiana",-94.703655,30.696311
"Didelphis virginiana",-83.03528,29.215284
"Didelphis virginiana",-121.083333,35.566667
"Didelphis virginiana",-90.1009183,30.4032046
"Didelphis virginiana",-95.236111,16.325
"Didelphis virginiana",-99.718019,32.468422
"Didelphis virginiana",-92.4059778,30.4901963
"Didelphis virginiana",-92.7629875,30.6491902
"Didelphis virginiana",-94.11077,30.34889
"Didelphis virginiana",-104.56463,24.022797
"Didelphis virginiana",-110.845665,31.761334
"Didelphis virginiana",-94.208333,16.375
"Didelphis virginiana",-93.66778,31.072004
"Didelphis virginiana",-75.51265,42.94667
"Didelphis virginiana",-99.5,21.279833
"Didelphis virginiana",-80.779167,41.222222
"Didelphis virginiana",-87.157222,20.889444
"Didelphis virginiana",-92.019967,30.2242058
"Didelphis virginiana",-87,35
"Didelphis virginiana",-92.0809695,30.5051966
"Didelphis virginiana",-91.7549602,30.2332062
"Didelphis virginiana",-93.7971748,43.6668232
"Didelphis virginiana",-101.5241,19.664608
"Didelphis virginiana",-95.051667,18.591667
"Didelphis virginiana",-103.4627062,19.7324725
"Didelphis virginiana",-87.672654,41.959292
"Didelphis virginiana",-92.815013,45.153401
"Didelphis virginiana",-90.6699445,34.0050984
"Didelphis virginiana",-119.796111,34.4575
"Didelphis virginiana",-84.3565905,42.7833494
"Didelphis virginiana",-93.625194,42.050104
"Didelphis virginiana",-95.4389,29.7811
"Didelphis virginiana",-97.317977,35.225585
"Didelphis virginiana",-103.532387,19.352213
"Didelphis virginiana",-101.804651,23.8264964
"Didelphis virginiana",-96.2737,38.38133
"Didelphis virginiana",-85.782207,36.167032
"Didelphis virginiana",-89.771389,20.863889
"Didelphis virginiana",-72.489314,40.89056
"Didelphis virginiana",-97.388735,35.218352
"Didelphis virginiana",-98.473341,19.587225
"Didelphis virginiana",-92.0199672,30.3062032
"Didelphis virginiana",-122.1621396,37.8106695
"Didelphis virginiana",-80.95051,42.97952
"Didelphis virginiana",-120.620833,35.029444
"Didelphis virginiana",-96.7085,16.68248
"Didelphis virginiana",-105.370333,22.471333
"Didelphis virginiana",-72.722656,42.198608
"Didelphis virginiana",-91.1759458,30.3852027
"Didelphis virginiana",-90.07722,35.342292
"Didelphis virginiana",-87.666695,41.986336
"Didelphis virginiana",-83.763091,30.671103
"Didelphis virginiana",-99.3070023,25.6124676
"Didelphis virginiana",-122.48694,48.75972
"Didelphis virginiana",-99.270833,18.559444
"Didelphis virginiana",-97.377745,36.289406
"Didelphis virginiana",-97.12972,31.895176
"Didelphis virginiana",-88.0747,41.8011
"Didelphis virginiana",-121.809154,38.008993
"Didelphis virginiana",-92.1619735,31.0601789
"Didelphis virginiana",-85.63333,11.25
"Didelphis virginiana",-92.895123,16.202889
"Didelphis virginiana",-90.73449,18.60727
"Didelphis virginiana",-84.9613406,10.83267
"Didelphis virginiana",-91.9989662,30.1682077
"Didelphis virginiana",-87.694508,41.879673
"Didelphis virginiana",-103.999167,23.8375
"Didelphis virginiana",-96.393537,30.576668
"Didelphis virginiana",-98.17,18.9
"Didelphis virginiana",-93.772574,43.6490234
"Didelphis virginiana",-97.9354,41.6837
"Didelphis virginiana",-84.6,43.29
"Didelphis virginiana",-91.439444,16.806389
"Didelphis virginiana",-86.102931,12.710858
"Didelphis virginiana",-89.419217,18.594562
"Didelphis virginiana",-103.70486,19.47236
"Didelphis virginiana",-92.030555,17.489167
"Didelphis virginiana",-97.316944,19.114444
"Didelphis virginiana",-80.39576,42.96959
"Didelphis virginiana",-89.9129149,30.8931895
"Didelphis virginiana",-93.759444,17.087778
"Didelphis virginiana",-91.937966,30.5601952
"Didelphis virginiana",-122.7362,45.3256
"Didelphis virginiana",-99.326393,38.87917
"Didelphis virginiana",-92.7729911,31.5701617
"Didelphis virginiana",-104.85817,21.74966
"Didelphis virginiana",-100.186944,25.631944
"Didelphis virginiana",-119.632075,34.436663
"Didelphis virginiana",-89.818182,43.956082
"Didelphis virginiana",-101.816006,21.8327195
"Didelphis virginiana",-94.570047,16.387439
"Didelphis virginiana",-87.799084,41.920308
"Didelphis virginiana",-92.4069814,31.5211641
"Didelphis virginiana",-91.1749458,30.3982023
"Didelphis virginiana",-104.751158,21.221668
"Didelphis virginiana",-92.0829693,30.4501984
"Didelphis virginiana",-94.382873,29.744103
"Didelphis virginiana",-99.379444,17.479167
"Didelphis virginiana",-96.305556,17.702778
"Didelphis virginiana",-102.460517,18.264742
"Didelphis virginiana",-118.9,36.42
"Didelphis virginiana",-98.419081,32.937626
"Didelphis virginiana",-97.441499,35.141174
"Didelphis virginiana",-122.2472,47.5531
"Didelphis virginiana",-100.315556,25.724167
"Didelphis virginiana",-85.95,11.76667
"Didelphis virginiana",-92.3019739,30.1522074
"Didelphis virginiana",-100.501894,31.488207
"Didelphis virginiana",-101.472951,32.09145
"Didelphis virginiana",-97.444401,35.232893
"Didelphis virginiana",-88.658334,36.239713
"Didelphis virginiana",-97.8487,41.9574
"Didelphis virginiana",-94.445464,30.28389
"Didelphis virginiana",-102.691475,18.059683
"Didelphis virginiana",-89.383333,43.066667
"Didelphis virginiana",-100.018611,25.285278
"Didelphis virginiana",-82.63581,29.03671
"Didelphis virginiana",-75.9106502,43.9746588
"Didelphis virginiana",-122.342659,48.920117
"Didelphis virginiana",-101.578333,19.618611
"Didelphis virginiana",-98.387327,26.171586
"Didelphis virginiana",-84.1205533,42.6259611
"Didelphis virginiana",-87.782745,41.950901
"Didelphis virginiana",-93.40194,35.97667
"Didelphis virginiana",-95.87733,38.47985
"Didelphis virginiana",-104.05,19.39
"Didelphis virginiana",-105.129167,23.804167
"Didelphis virginiana",-99.724199,30.53006
"Didelphis virginiana",-89.37,18.88
"Didelphis virginiana",-103.957167,23.7
"Didelphis virginiana",-103.0247818,19.9212872
"Didelphis virginiana",-84.5347155,42.6405507
"Didelphis virginiana",-71.16539,42.64703
"Didelphis virginiana",-96.6844,16.68587
"Didelphis virginiana",-94.700127,30.694003
"Didelphis virginiana",-99.0475,16.797222
"Didelphis virginiana",-97.745,17.181111
"Didelphis virginiana",-90.459512,14.541996
"Didelphis virginiana",-96.808655,33.882163
"Didelphis virginiana",-104.196945,23.392778
"Didelphis virginiana",-99.650833,17.535833
"Didelphis virginiana",-95.379775,40.567239
"Didelphis virginiana",-97.4031238,20.9594419
"Didelphis virginiana",-104.1978,42.0691
"Didelphis virginiana",-95.307222,18.532222
"Didelphis virginiana",-121.967548,37.22365
"Didelphis virginiana",-92.494167,16.898611
"Didelphis virginiana",-93.178497,31.94463
"Didelphis virginiana",-103.034164,19.915556
"Didelphis virginiana",-73.49917,43.09056
"Didelphis virginiana",-100.538546,30.897453
"Didelphis virginiana",-98.493626,29.424124
"Didelphis virginiana",-97.812904,37.940266
"Didelphis virginiana",-82.0134195,39.941187
"Didelphis virginiana",-89.949167,18.600639
"Didelphis virginiana",-80.40944,27.675
"Didelphis virginiana",-96.5857218,39.6910616
"Didelphis virginiana",-93.819389,15.942667
"Didelphis virginiana",-89.617292,35.204528
"Didelphis virginiana",-91.9901003,43.5552292
"Didelphis virginiana",-96.834415,33.882111
"Didelphis virginiana",-73.71444,41.132984
"Didelphis virginiana",-84.917236,43.582868
"Didelphis virginiana",-122.1155586,37.1128957
"Didelphis virginiana",-101.430332,32.153036
"Didelphis virginiana",-99.120834,18.780556
"Didelphis virginiana",-93.057222,17.4
"Didelphis virginiana",-100.204722,19.246389
"Didelphis virginiana",-95.2374899,38.9319788
"Didelphis virginiana",-103.04,21.57
"Didelphis virginiana",-102.248337,20.478056
"Didelphis virginiana",-98.69558,19.10142
"Didelphis virginiana",-83.9828789,42.4096535
"Didelphis virginiana",-118.2989942,34.1328227
"Didelphis virginiana",-91.1369447,30.3402043
"Didelphis virginiana",-122.038423,37.989052
"Didelphis virginiana",-91.1629455,30.3972024
"Didelphis virginiana",-91.968333,15.854722
"Didelphis virginiana",-88.0683,41.6986
"Didelphis virginiana",-97.352755,35.218046
"Didelphis virginiana",-89.34611,36.44222
"Didelphis virginiana",-87.712235,41.91557
"Didelphis virginiana",-97.43917,35.2225
"Didelphis virginiana",-92.4689784,30.2062052
"Didelphis virginiana",-99.593,17.554
"Didelphis virginiana",-94.246225,30.49361
"Didelphis virginiana",-99.301667,19.036944
"Didelphis virginiana",-100.46623,31.461515
"Didelphis virginiana",-88.09948,35.769908
"Didelphis virginiana",-120.879059,37.571099
"Didelphis virginiana",-98.052958,23.797828
"Didelphis virginiana",-122.3219,45.3975
"Didelphis virginiana",-90.008741,35.351863
"Didelphis virginiana",-119.808611,34.453056
"Didelphis virginiana",-84.5312956,42.7156499
"Didelphis virginiana",-97.647471,35.018894
"Didelphis virginiana",-85.23889,36.115
"Didelphis virginiana",-88.1325,19.26
"Didelphis virginiana",-97.605003,35.581108
"Didelphis virginiana",-95.657,18.619
"Didelphis virginiana",-97.529125,20.02957
"Didelphis virginiana",-104.3954649,23.4696027
"Didelphis virginiana",-122.17499,37.90433
"Didelphis virginiana",-97.530029,35.348536
"Didelphis virginiana",-122.7226,45.3888
"Didelphis virginiana",-85.20166,43.42665
"Didelphis virginiana",-99.407674,18.862697
"Didelphis virginiana",-91.8671,41.75945
"Didelphis virginiana",-91.8189611,30.0032135
"Didelphis virginiana",-89.4412578,18.0151547
"Didelphis virginiana",-92.6649844,30.4851957
"Didelphis virginiana",-93.2879979,29.7972164
"Didelphis virginiana",-96.48989,28.47749
"Didelphis virginiana",-98.8765,29.58724
"Didelphis virginiana",-96.9753879,37.1527964
"Didelphis virginiana",-85.7058751,11.3188359
"Didelphis virginiana",-98.075841,19.555003
"Didelphis virginiana",-93.095278,16.723889
"Didelphis virginiana",-89.417892,18.592419
"Didelphis virginiana",-91.5559553,30.285205
"Didelphis virginiana",-90.7039327,30.0752139
"Didelphis virginiana",-98.0033,41.6908
"Didelphis virginiana",-81.3631901,27.1724307
"Didelphis virginiana",-99.1892,19.3253
"Didelphis virginiana",-122.253,37.8576
"Didelphis virginiana",-101.920286,18.84045
"Didelphis virginiana",-89.866177,35.09058
"Didelphis virginiana",-91.739167,16.094444
"Didelphis virginiana",-101.470193,32.148271
"Didelphis virginiana",-95.614306,35.399425
"Didelphis virginiana",-99.506741,36.570717
"Didelphis virginiana",-91.5374208,18.7712259
"Didelphis virginiana",-92.0199761,32.8361267
"Didelphis virginiana",-89.20833,35.50028
"Didelphis virginiana",-95.5027044,40.2185473
"Didelphis virginiana",-96.3227,30.617701
"Didelphis virginiana",-93.29806,37.21528
"Didelphis virginiana",-72.66667,40.82444
"Didelphis virginiana",-93.8196899,16.1491238
"Didelphis virginiana",-99.27269,38.465275
"Didelphis virginiana",-100.532819,31.005141
"Didelphis virginiana",-102.825302,20.7542
"Didelphis virginiana",-123.026208,44.990119
"Didelphis virginiana",-99.613611,16.725
"Didelphis virginiana",-97.822,18.149
"Didelphis virginiana",-95.014025,41.287808
"Didelphis virginiana",-122.675461,49.002254
"Didelphis virginiana",-79.980726,39.627507
"Didelphis virginiana",-99.144165,18.918333
"Didelphis virginiana",-100.185556,25.781944
"Didelphis virginiana",-87.943822,42.06014
"Didelphis virginiana",-87.432481,44.6088289
"Didelphis virginiana",-92.3584,41.3333
"Didelphis virginiana",-77.025477,42.995432
"Didelphis virginiana",-118.46,34.07
"Didelphis virginiana",-89.4878994,29.3182418
"Didelphis virginiana",-92.5719802,29.9712126
"Didelphis virginiana",-76.527506,42.428339
"Didelphis virginiana",-76.509476,42.438103
"Didelphis virginiana",-89.622,20.968
"Didelphis virginiana",-96.247784,35.07978
"Didelphis virginiana",-109.073945,27.077099
"Didelphis virginiana",-122.10898,37.89653
"Didelphis virginiana",-98.6539329,35.3954892
"Didelphis virginiana",-94.289074,30.772841
"Didelphis virginiana",-93.819444,15.942778
"Didelphis virginiana",-100.937222,22.188333
"Didelphis virginiana",-95.26217,41.3092
"Didelphis virginiana",-87.05,12.73333
"Didelphis virginiana",-73.695123,42.580612
"Didelphis virginiana",-90.43333,14.21667
"Didelphis virginiana",-90.338467,34.995218
"Didelphis virginiana",-89.640959,35.209344
"Didelphis virginiana",-92.0699675,30.0132126
"Didelphis virginiana",-97.271501,38.0466877
"Didelphis virginiana",-96.7092,16.68729
"Didelphis virginiana",-87.473122,46.619501
"Didelphis virginiana",-88.0833,41.8333
"Didelphis virginiana",-73.964449,42.575936
"Didelphis virginiana",-84.66667,30.20833
"Didelphis virginiana",-99.865083,23.948117
"Didelphis virginiana",-96.7983,17.01488
"Didelphis virginiana",-104.7241716,19.2459359
"Didelphis virginiana",-106.890187,34.029327
"Didelphis virginiana",-97.5544316,16.0749084
"Didelphis virginiana",-97.958313,19.933628
"Didelphis virginiana",-87.801833,41.987915
"Didelphis virginiana",-116.109105,32.650176
"Didelphis virginiana",-82.765928,29.029711
"Didelphis virginiana",-83.384264,35.708101
"Didelphis virginiana",-98.465007,18.600803
"Didelphis virginiana",-122.090352,37.932784
"Didelphis virginiana",-92.5669873,31.9861498
"Didelphis virginiana",-96.6995,16.69686
"Didelphis virginiana",-91.8839628,30.0382122
"Didelphis virginiana",-89.558333,18.025
"Didelphis virginiana",-97.197916,32.01083
"Didelphis virginiana",-98.519,33.877
"Didelphis virginiana",-94.846708,40.345153
"Didelphis virginiana",-92.3999797,31.0901774
"Didelphis virginiana",-87.85,41.8333
"Didelphis virginiana",-89.551607,35.204493
"Didelphis virginiana",-97.39694,32.157013
"Didelphis virginiana",-91.729444,16.115
"Didelphis virginiana",-99.687778,25.259167
"Didelphis virginiana",-79.122658,39.633389
"Didelphis virginiana",-79.84336,43.5877
"Didelphis virginiana",-104.6247528,24.0240044
"Didelphis virginiana",-105.8486646,23.609577
"Didelphis virginiana",-91.5729566,30.5591962
"Didelphis virginiana",-98.165,26.297
"Didelphis virginiana",-84.61755,43.69181
"Didelphis virginiana",-95.3697934,38.9104787
"Didelphis virginiana",-79.8885,43.02224
"Didelphis virginiana",-104.6055,23.918667
"Didelphis virginiana",-122.037068,37.885966
"Didelphis virginiana",-92.3469765,30.5681939
"Didelphis virginiana",-119.848056,34.416111
"Didelphis virginiana",-86.51667,12.03333
"Didelphis virginiana",-93.1559982,30.812184
"Didelphis virginiana",-100.466584,31.435293
"Didelphis virginiana",-91.0219416,30.2842063
"Didelphis virginiana",-122.264405,37.869799
"Didelphis virginiana",-94.119444,17.094722
"Didelphis virginiana",-100.493008,31.196414
"Didelphis virginiana",-103.883611,24.080833
"Didelphis virginiana",-97.283162,32.01083
"Didelphis virginiana",-119.712778,34.440278
"Didelphis virginiana",-97.541665,19.794519
"Didelphis virginiana",-89.64917,35.20444
"Didelphis virginiana",-95.595109,29.383719
"Didelphis virginiana",-87.73952,41.99674
"Didelphis virginiana",-93.116944,16.753333
"Didelphis virginiana",-95.1800899,39.2308739
"Didelphis virginiana",-97.448109,35.18335
"Didelphis virginiana",-96.5347155,37.0758095
"Didelphis virginiana",-103.867444,18.83651
"Didelphis virginiana",-96.59935,39.028359
"Didelphis virginiana",-82.1291224,39.3977956
"Didelphis virginiana",-93.5670106,31.3001677
"Didelphis virginiana",-105.8445678,23.4426241
"Didelphis virginiana",-100.725535,19.672111
"Didelphis virginiana",-93.2686626,44.29492
"Didelphis virginiana",-88.92995,40.60582
"Didelphis virginiana",-95.071944,18.619444
"Didelphis virginiana",-98.282219,37.654221
"Didelphis virginiana",-98.377518,19.32757
"Didelphis virginiana",-118.291389,33.735833
"Didelphis virginiana",-101.49423,34.257434
"Didelphis virginiana",-99.327,38.879
"Didelphis virginiana",-119.017776,35.373333
"Didelphis virginiana",-122.6608,45.401
"Didelphis virginiana",-120.096389,34.584167
"Didelphis virginiana",-122.1721,37.762622
"Didelphis virginiana",-94.5876,16.3681
"Didelphis virginiana",-87.706726,41.998772
"Didelphis virginiana",-101.140831,37.358608
"Didelphis virginiana",-105.78756,22.82128
"Didelphis virginiana",-80.25,42.833333
"Didelphis virginiana",-122.7114,45.3175
"Didelphis virginiana",-84.314018,33.828121
"Didelphis virginiana",-89.662006,35.292407
"Didelphis virginiana",-87.7549299,41.3274956
"Didelphis virginiana",-89.8979114,29.854223
"Didelphis virginiana",-101.30583,32.281877
"Didelphis virginiana",-88.249176,35.863025
"Didelphis virginiana",-92.3729764,30.3302015
"Didelphis virginiana",-79.45321,42.87383
"Didelphis virginiana",-98.919998,20.686388
"Didelphis virginiana",-104.013898,18.916669
"Didelphis virginiana",-99.175833,18.881667
"Didelphis virginiana",-99.574167,21.201667
"Didelphis virginiana",-96.109377,36.663491
"Didelphis virginiana",-83.5543,35.7884
"Didelphis virginiana",-122.228073,37.785328
"Didelphis virginiana",-98.8765,29.45656
"Didelphis virginiana",-79.22919,43.08503
"Didelphis virginiana",-95.246944,16.233055
"Didelphis virginiana",-122.062325,37.080183
"Didelphis virginiana",-91.4329538,30.8031888
"Didelphis virginiana",-83.410468,44.409868
"Didelphis virginiana",-96.401604,18.466389
"Didelphis virginiana",-85.3627121,43.71354
"Didelphis virginiana",-104.051167,23.667333
"Didelphis virginiana",-78.43,42.0775
"Didelphis virginiana",-98.1584333,24.847884
"Didelphis virginiana",-84.513169,42.6829832
"Didelphis virginiana",-101.846689,20.121072
"Didelphis virginiana",-96.677538,17.0515718
"Didelphis virginiana",-87.8602035,42.5122078
"Didelphis virginiana",-97.223566,20.128182
"Didelphis virginiana",-93.3333648,44.3499194
"Didelphis virginiana",-94.295182,30.6925
"Didelphis virginiana",-96.737222,33.998709
"Didelphis virginiana",-102.400835,20.6533606
"Didelphis virginiana",-100.314079,29.000968
"Didelphis virginiana",-106.901259,34.17146
"Didelphis virginiana",-120.098056,34.618056
"Didelphis virginiana",-98.022499,20.174444
"Didelphis virginiana",-122.27153,37.86979
"Didelphis virginiana",-92.0509677,30.2242057
"Didelphis virginiana",-90.37667,14.0131
"Didelphis virginiana",-102.095833,18.016389
"Didelphis virginiana",-99.024369,18.507475
"Didelphis virginiana",-90.8589371,30.18421
"Didelphis virginiana",-84.207984,30.66162
"Didelphis virginiana",-95.9724,38.53469
"Didelphis virginiana",-95.2606905,38.9345786
"Didelphis virginiana",-96.1385,18.689167
"Didelphis virginiana",-104.560584,19.195862
"Didelphis virginiana",-117.98,33.76
"Didelphis virginiana",-100.5029,31.375994
"Didelphis virginiana",-99.3804021,23.4057176
"Didelphis virginiana",-92.12,15.52
"Didelphis virginiana",-98.52597,38.940152
"Didelphis virginiana",-122.115915,37.708357
"Didelphis virginiana",-90.146222,35.071538
"Didelphis virginiana",-98.086678,30.233759
"Didelphis virginiana",-95.293285,38.972353
"Didelphis virginiana",-94.587583,16.368111
"Didelphis virginiana",-85.15,43.31
"Didelphis virginiana",-97.753105,39.121929
"Didelphis virginiana",-78.6371253,35.8975658
"Didelphis virginiana",-89.383333,42.933333
"Didelphis virginiana",-88.790563,18.419107
"Didelphis virginiana",-97.219194,35.158159
"Didelphis virginiana",-95.308333,18.541667
"Didelphis virginiana",-95.113611,18.419444
"Didelphis virginiana",-99.926964,39.610535
"Didelphis virginiana",-95.03907,38.47077
"Didelphis virginiana",-96.794214,33.885652
"Didelphis virginiana",-78.5693235,35.8981657
"Didelphis virginiana",-100.5,31.133333
"Didelphis virginiana",-121.548403,36.376185
"Didelphis virginiana",-97.194298,34.971112
"Didelphis virginiana",-97.1555043,43.6357219
"Didelphis virginiana",-87.69071,41.99296
"Didelphis virginiana",-92.422222,16.943333
"Didelphis virginiana",-92.3354924,17.5098951
"Didelphis virginiana",-83.48,42.54
"Didelphis virginiana",-71.24132,42.34323
"Didelphis virginiana",-98.4023273,37.2920982
"Didelphis virginiana",-93.124444,16.900556
"Didelphis virginiana",-71.29882,42.55527
"Didelphis virginiana",-83.2804,41.5799
"Didelphis virginiana",-118.54,34.23
"Didelphis virginiana",-90.29694,34.89972
"Didelphis virginiana",-98.476389,21.817778
"Didelphis virginiana",-78.835727,40.268463
"Didelphis virginiana",-99.225008,19.308333
"Didelphis virginiana",-95.146452,32.351166
"Didelphis virginiana",-103.813057,19.576944
"Didelphis virginiana",-92.0829694,30.4641979
"Didelphis virginiana",-92.0799708,30.8851846
"Didelphis virginiana",-87.7975,41.989389
"Didelphis virginiana",-122.25026,37.823825
"Didelphis virginiana",-122.2696,37.8931
"Didelphis virginiana",-91.1759457,30.3522038
"Didelphis virginiana",-107.3697259,24.3655448
"Didelphis virginiana",-100.494301,21.265801
"Didelphis virginiana",-82.41694,36.145
"Didelphis virginiana",-90.4619276,30.4382027
"Didelphis virginiana",-100.311667,25.685278
"Didelphis virginiana",-96.7026,16.69376
"Didelphis virginiana",-98.013924,16.330819
"Didelphis virginiana",-84.6508988,42.5208518
"Didelphis virginiana",-94.86,31.156667
"Didelphis virginiana",-84.0793844,44.3129366
"Didelphis virginiana",-93.59556,42.143755
"Didelphis virginiana",-92.1279704,30.4131994
"Didelphis virginiana",-99.6148674,24.5592218
"Didelphis virginiana",-101.97278,48.72889
"Didelphis virginiana",-100.542647,32.709245
"Didelphis virginiana",-122.4470846,37.6241033
"Didelphis virginiana",-98.954445,18.811666
"Didelphis virginiana",-79.948994,43.237551
"Didelphis virginiana",-82.8380382,35.5457725
"Didelphis virginiana",-101.5573223,28.1957129
"Didelphis virginiana",-91.9019632,30.0032133
"Didelphis virginiana",-97.337507,18.385003
"Didelphis virginiana",-87.815663,41.985275
"Didelphis virginiana",-71.02393,42.47443
"Didelphis virginiana",-94.0668005,46.486107
"Didelphis virginiana",-122.505256,37.733155
"Didelphis virginiana",-87.8832617,42.0332819
"Didelphis virginiana",-73.695045,42.580162
"Didelphis virginiana",-76.47694,42.44444
"Didelphis virginiana",-95.1726881,38.9381789
"Didelphis virginiana",-97.678698,35.570717
"Didelphis virginiana",-82.07056,36.19611
"Didelphis virginiana",-98.959919,18.639348
"Didelphis virginiana",-94.57833,39.041893
"Didelphis virginiana",-104.962,19.401
"Didelphis virginiana",-81.67167,29.47889
"Didelphis virginiana",-79.466667,42.983333
"Didelphis virginiana",-91.2099469,30.437201
"Didelphis virginiana",-106.89552,34.086883
"Didelphis virginiana",-108.9325891,27.0235852
"Didelphis virginiana",-92.0799685,30.2242057
"Didelphis virginiana",-118.239929,34.064894
"Didelphis virginiana",-91.2099469,30.4522005
"Didelphis virginiana",-99.18497,34.47807
"Didelphis virginiana",-96.305555,15.721667
"Didelphis virginiana",-94.524836,30.285977
"Didelphis virginiana",-95.178737,40.333883
"Didelphis virginiana",-103.4162392,41.7904025
"Didelphis virginiana",-95.30584,18.531947
"Didelphis virginiana",-93.30559,16.935074
"Didelphis virginiana",-98.7293456,35.5260358
